{
    "831624223272286": {
        "id": "831624223272286",
        "status": "Pendente (1)",
        "userid": "889600624172355624",
        "dataid": "segunda-feira, 6 de fevereiro de 2023 às 16:30",
        "nomeid": "TESTE CU",
        "qtdid": "1",
        "precoid": "1.00",
        "entrid": "Andamento"
    },
    "658532625767636": {
        "id": "658532625767636",
        "status": "Concluido",
        "userid": "889600624172355624",
        "dataid": "segunda-feira, 6 de fevereiro de 2023 às 16:41",
        "nomeid": "TESTE CU",
        "qtdid": "1",
        "precoid": "1.00",
        "entrid": "aa"
    },
    "365521096862885": {
        "id": "365521096862885",
        "status": "Pendente (1)",
        "userid": "889600624172355624",
        "dataid": "segunda-feira, 6 de fevereiro de 2023 às 17:52",
        "nomeid": "TESTE CU",
        "qtdid": "1",
        "precoid": "1.00",
        "entrid": "Andamento"
    },
    "461983729524724": {
        "id": "461983729524724",
        "status": "Pendente (1)",
        "userid": "889600624172355624",
        "dataid": "quarta-feira, 8 de fevereiro de 2023 às 17:15",
        "nomeid": "TESTE CU",
        "qtdid": "1",
        "precoid": "1.00",
        "entrid": "Andamento"
    },
    "559513479703789": {
        "id": "559513479703789",
        "status": "Pendente (1)",
        "userid": "889600624172355624",
        "dataid": "quarta-feira, 8 de fevereiro de 2023 às 17:17",
        "nomeid": "TESTE CU",
        "qtdid": "1",
        "precoid": "1.00",
        "entrid": "Andamento"
    },
    "266342125922123": {
        "id": "266342125922123",
        "status": "Pendente (1)",
        "userid": "889600624172355624",
        "dataid": "quarta-feira, 8 de fevereiro de 2023 às 17:20",
        "nomeid": "TESTE CU",
        "qtdid": "1",
        "precoid": "1.00",
        "entrid": "Andamento"
    },
    "929162256940828": {
        "id": "929162256940828",
        "status": "Pendente (1)",
        "userid": "889600624172355624",
        "dataid": "quarta-feira, 8 de fevereiro de 2023 às 17:21",
        "nomeid": "TESTE CU",
        "qtdid": "1",
        "precoid": "1.00",
        "entrid": "Andamento"
    },
    "63813696297636": {
        "id": "63813696297636",
        "status": "Pendente (1)",
        "userid": "889600624172355624",
        "dataid": "sexta-feira, 10 de fevereiro de 2023 às 11:16",
        "nomeid": "TESTE CU",
        "qtdid": "1",
        "precoid": "1.00",
        "entrid": "Andamento"
    },
    "409395527738105": {
        "id": "409395527738105",
        "status": "Pendente (1)",
        "userid": "889600624172355624",
        "dataid": "sexta-feira, 10 de fevereiro de 2023 às 11:39",
        "nomeid": "TESTE CU",
        "qtdid": "1",
        "precoid": "1.00",
        "entrid": "Andamento"
    },
    "339560835926018": {
        "id": "339560835926018",
        "status": "Pendente (1)",
        "userid": "889600624172355624",
        "dataid": "sexta-feira, 10 de fevereiro de 2023 às 11:40",
        "nomeid": "TESTE CU",
        "qtdid": "1",
        "precoid": "1.00",
        "entrid": "Andamento"
    },
    "648571556026477": {
        "id": "648571556026477",
        "status": "Pendente (1)",
        "userid": "889600624172355624",
        "dataid": "sexta-feira, 10 de fevereiro de 2023 às 11:40",
        "nomeid": "TESTE CU",
        "qtdid": "1",
        "precoid": "1.00",
        "entrid": "Andamento"
    },
    "32256848517755": {
        "id": "32256848517755",
        "status": "Pendente (1)",
        "userid": "889600624172355624",
        "dataid": "sábado, 11 de fevereiro de 2023 às 00:23",
        "nomeid": "TESTE CU",
        "qtdid": "1",
        "precoid": "1.00",
        "entrid": "Andamento"
    },
    "835678798397956": {
        "id": "835678798397956",
        "status": "Pendente (1)",
        "userid": "889600624172355624",
        "dataid": "sábado, 11 de fevereiro de 2023 às 00:30",
        "nomeid": "TESTE CU",
        "qtdid": "1",
        "precoid": "1.00",
        "entrid": "Andamento"
    },
    "628330031802860": {
        "id": "628330031802860",
        "status": "Pendente (1)",
        "userid": "889600624172355624",
        "dataid": "sábado, 11 de fevereiro de 2023 às 00:31",
        "nomeid": "TESTE CU",
        "qtdid": "1",
        "precoid": "1.00",
        "entrid": "Andamento"
    },
    "17971797115352": {
        "id": "17971797115352",
        "status": "Pendente (1)",
        "userid": "889600624172355624",
        "dataid": "sábado, 11 de fevereiro de 2023 às 00:33",
        "nomeid": "TESTE CU",
        "qtdid": "1",
        "precoid": "1.00",
        "entrid": "Andamento"
    },
    "503477185488760": {
        "id": "503477185488760",
        "status": "Pendente (1)",
        "userid": "889600624172355624",
        "dataid": "sábado, 11 de fevereiro de 2023 às 00:33",
        "nomeid": "TESTE CU",
        "qtdid": "1",
        "precoid": "1.00",
        "entrid": "Andamento"
    },
    "963916222327428": {
        "id": "963916222327428",
        "status": "Pendente (1)",
        "userid": "889600624172355624",
        "dataid": "sábado, 11 de fevereiro de 2023 às 00:34",
        "nomeid": "TESTE CU",
        "qtdid": "1",
        "precoid": "1.00",
        "entrid": "Andamento"
    },
    "910325207455759": {
        "id": "910325207455759",
        "status": "Pendente (1)",
        "userid": "889600624172355624",
        "dataid": "sábado, 11 de fevereiro de 2023 às 00:53",
        "nomeid": "TESTE CU",
        "qtdid": "1",
        "precoid": "1.00",
        "entrid": "Andamento"
    },
    "961919054813400": {
        "id": "961919054813400",
        "status": "Pendente (1)",
        "userid": "889600624172355624",
        "dataid": "sábado, 11 de fevereiro de 2023 às 01:04",
        "nomeid": "TESTE CU",
        "qtdid": "1",
        "precoid": "1.00",
        "entrid": "Andamento"
    },
    "31938321278973": {
        "id": "31938321278973",
        "status": "Pendente (1)",
        "userid": "889600624172355624",
        "dataid": "sábado, 11 de fevereiro de 2023 às 01:22",
        "nomeid": "TESTE CU",
        "qtdid": "1",
        "precoid": "1.00",
        "entrid": "Andamento"
    },
    "536085029932759": {
        "id": "536085029932759",
        "status": "Pendente (1)",
        "userid": "889600624172355624",
        "dataid": "sábado, 11 de fevereiro de 2023 às 01:23",
        "nomeid": "TESTE CU",
        "qtdid": "1",
        "precoid": "1.00",
        "entrid": "Andamento"
    },
    "647179288876849": {
        "id": "647179288876849",
        "status": "Concluido",
        "userid": "889600624172355624",
        "dataid": "sábado, 11 de fevereiro de 2023 às 01:35",
        "nomeid": "TESTE CU",
        "qtdid": "1",
        "precoid": "1.00",
        "entrid": "a"
    },
    "746632135712974": {
        "id": "746632135712974",
        "status": "Reembolsado",
        "userid": "889600624172355624",
        "dataid": "sábado, 11 de fevereiro de 2023 às 01:49",
        "nomeid": "TESTE CU",
        "qtdid": "1",
        "precoid": "1.00",
        "entrid": "24"
    },
    "99131885120981": {
        "id": "99131885120981",
        "status": "Pendente (1)",
        "userid": "889600624172355624",
        "dataid": "sábado, 11 de fevereiro de 2023 às 15:22",
        "nomeid": "TESTE CU",
        "qtdid": "1",
        "precoid": "1.00",
        "entrid": "Andamento"
    },
    "19617166570195": {
        "id": "19617166570195",
        "status": "Pendente (1)",
        "userid": "889600624172355624",
        "dataid": "sábado, 11 de fevereiro de 2023 às 15:26",
        "nomeid": "TESTE CU",
        "qtdid": "1",
        "precoid": "1.00",
        "entrid": "Andamento"
    },
    "335799658319769": {
        "id": "335799658319769",
        "status": "Pendente (1)",
        "userid": "889600624172355624",
        "dataid": "sábado, 11 de fevereiro de 2023 às 15:38",
        "nomeid": "TESTE CU",
        "qtdid": "1",
        "precoid": "1.00",
        "entrid": "Andamento"
    },
    "462926013194504": {
        "id": "462926013194504",
        "status": "Pendente (1)",
        "userid": "889600624172355624",
        "dataid": "sábado, 11 de fevereiro de 2023 às 15:41",
        "nomeid": "TESTE CU",
        "qtdid": "1",
        "precoid": "1.00",
        "entrid": "Andamento"
    },
    "121255516809070": {
        "id": "121255516809070",
        "status": "Pendente (1)",
        "userid": "889600624172355624",
        "dataid": "sábado, 11 de fevereiro de 2023 às 15:44",
        "nomeid": "TESTE CU",
        "qtdid": "1",
        "precoid": "1.00",
        "entrid": "Andamento"
    },
    "723405949204572": {
        "id": "723405949204572",
        "status": "Pendente (2)",
        "userid": "889600624172355624",
        "dataid": "domingo, 12 de fevereiro de 2023 às 04:10",
        "nomeid": "TESTE CU",
        "qtdid": "1",
        "precoid": "1.00",
        "entrid": "Andamento"
    },
    "150331830217059": {
        "id": "150331830217059",
        "status": "Pendente (1)",
        "userid": "889600624172355624",
        "dataid": "domingo, 12 de fevereiro de 2023 às 04:13",
        "nomeid": "TESTE CU",
        "qtdid": "1",
        "precoid": "1.00",
        "entrid": "Andamento"
    },
    "347063284882542": {
        "id": "347063284882542",
        "status": "Pendente (1)",
        "userid": "889600624172355624",
        "dataid": "domingo, 12 de fevereiro de 2023 às 04:32",
        "nomeid": "TESTE CU",
        "qtdid": "1",
        "precoid": "1.00",
        "entrid": "Andamento"
    },
    "423118762362926": {
        "id": "423118762362926",
        "status": "Pendente (1)",
        "userid": "889600624172355624",
        "dataid": "domingo, 12 de fevereiro de 2023 às 04:37",
        "nomeid": "TESTE CU",
        "qtdid": "1",
        "precoid": "1.00",
        "entrid": "Andamento"
    },
    "350957981525282": {
        "id": "350957981525282",
        "status": "Pendente (1)",
        "userid": "889600624172355624",
        "dataid": "domingo, 12 de fevereiro de 2023 às 04:42",
        "nomeid": "TESTE CU",
        "qtdid": "1",
        "precoid": "1.00",
        "entrid": "Andamento"
    },
    "184885927459549": {
        "id": "184885927459549",
        "status": "Pendente (1)",
        "userid": "889600624172355624",
        "dataid": "domingo, 12 de fevereiro de 2023 às 04:43",
        "nomeid": "TESTE CU",
        "qtdid": "1",
        "precoid": "1.00",
        "entrid": "Andamento"
    },
    "27109509495595": {
        "id": "27109509495595",
        "status": "Pendente (1)",
        "userid": "889600624172355624",
        "dataid": "domingo, 12 de fevereiro de 2023 às 04:43",
        "nomeid": "TESTE CU",
        "qtdid": "1",
        "precoid": "1.00",
        "entrid": "Andamento"
    },
    "683205004361763": {
        "id": "683205004361763",
        "status": "Pendente (1)",
        "userid": "889600624172355624",
        "dataid": "domingo, 12 de fevereiro de 2023 às 12:21",
        "nomeid": "TESTE CU",
        "qtdid": "1",
        "precoid": "1.00",
        "entrid": "Andamento"
    },
    "56674681081310": {
        "id": "56674681081310",
        "status": "Pendente (1)",
        "userid": "889600624172355624",
        "dataid": "domingo, 12 de fevereiro de 2023 às 12:22",
        "nomeid": "TESTE CU",
        "qtdid": "1",
        "precoid": "1.00",
        "entrid": "Andamento"
    },
    "369673505063301": {
        "id": "369673505063301",
        "status": "Reembolsado",
        "userid": "889600624172355624",
        "dataid": "domingo, 12 de fevereiro de 2023 às 12:27",
        "nomeid": "TESTE CU",
        "qtdid": "1",
        "precoid": "1.00",
        "entrid": "24256"
    },
    "380448920304264": {
        "id": "380448920304264",
        "status": "Pendente (1)",
        "userid": "1009577884786098247",
        "dataid": "quinta-feira, 16 de fevereiro de 2023 às 16:34",
        "nomeid": "Sem nome ainda...",
        "qtdid": "1",
        "precoid": "10",
        "entrid": "Andamento"
    },
    "292489569919614": {
        "id": "292489569919614",
        "status": "Pendente (1)",
        "userid": "1009577884786098247",
        "dataid": "quinta-feira, 16 de fevereiro de 2023 às 16:35",
        "nomeid": "Sem nome ainda...",
        "qtdid": "1",
        "precoid": "10",
        "entrid": "Andamento"
    },
    "785646669687976": {
        "id": "785646669687976",
        "status": "Pendente (1)",
        "userid": "1009577884786098247",
        "dataid": "quinta-feira, 16 de fevereiro de 2023 às 16:36",
        "nomeid": "Sem nome ainda...",
        "qtdid": "1",
        "precoid": "10",
        "entrid": "Andamento"
    },
    "669195809538204": {
        "id": "669195809538204",
        "status": "Pendente (1)",
        "userid": "1009577884786098247",
        "dataid": "quinta-feira, 16 de fevereiro de 2023 às 16:38",
        "nomeid": "Sem nome ainda...",
        "qtdid": "1",
        "precoid": "10",
        "entrid": "Andamento"
    },
    "759578621717696": {
        "id": "759578621717696",
        "status": "Pendente (1)",
        "userid": "1009577884786098247",
        "dataid": "quinta-feira, 16 de fevereiro de 2023 às 16:38",
        "nomeid": "Sem nome ainda...",
        "qtdid": "1",
        "precoid": "10",
        "entrid": "Andamento"
    },
    "497150489496548": {
        "id": "497150489496548",
        "status": "Pendente (1)",
        "userid": "1009577884786098247",
        "dataid": "quinta-feira, 16 de fevereiro de 2023 às 16:39",
        "nomeid": "Sem nome ainda...",
        "qtdid": "1",
        "precoid": "10",
        "entrid": "Andamento"
    },
    "964610345352473": {
        "id": "964610345352473",
        "status": "Pendente (1)",
        "userid": "1009577884786098247",
        "dataid": "quinta-feira, 16 de fevereiro de 2023 às 16:40",
        "nomeid": "Sem nome ainda...",
        "qtdid": "1",
        "precoid": "10",
        "entrid": "Andamento"
    },
    "214381758068334": {
        "id": "214381758068334",
        "status": "Pendente (1)",
        "userid": "1009577884786098247",
        "dataid": "quinta-feira, 16 de fevereiro de 2023 às 16:42",
        "nomeid": "Sem nome ainda...",
        "qtdid": "1",
        "precoid": "10",
        "entrid": "Andamento"
    },
    "352673865681039": {
        "id": "352673865681039",
        "status": "Pendente (1)",
        "userid": "1009577884786098247",
        "dataid": "quinta-feira, 16 de fevereiro de 2023 às 16:42",
        "nomeid": "Sem nome ainda...",
        "qtdid": "1",
        "precoid": "10",
        "entrid": "Andamento"
    },
    "933592321831275": {
        "id": "933592321831275",
        "status": "Pendente (1)",
        "userid": "1009577884786098247",
        "dataid": "quinta-feira, 16 de fevereiro de 2023 às 16:43",
        "nomeid": "Sem nome ainda...",
        "qtdid": "1",
        "precoid": "10",
        "entrid": "Andamento"
    },
    "691232345501066": {
        "id": "691232345501066",
        "status": "Pendente (1)",
        "userid": "1009577884786098247",
        "dataid": "quinta-feira, 16 de fevereiro de 2023 às 16:46",
        "nomeid": "Sem nome ainda...",
        "qtdid": "1",
        "precoid": "10",
        "entrid": "Andamento"
    },
    "165324442552525": {
        "id": "165324442552525",
        "status": "Pendente (1)",
        "userid": "1009577884786098247",
        "dataid": "quinta-feira, 16 de fevereiro de 2023 às 16:48",
        "nomeid": "Sem nome ainda...",
        "qtdid": "1",
        "precoid": "10",
        "entrid": "Andamento"
    },
    "374474821323147": {
        "id": "374474821323147",
        "status": "Pendente (1)",
        "userid": "1009577884786098247",
        "dataid": "quinta-feira, 16 de fevereiro de 2023 às 16:48",
        "nomeid": "Sem nome ainda...",
        "qtdid": "1",
        "precoid": "10",
        "entrid": "Andamento"
    },
    "635566189332502": {
        "id": "635566189332502",
        "status": "Pendente (1)",
        "userid": "889600624172355624",
        "dataid": "quinta-feira, 16 de fevereiro de 2023 às 16:48",
        "nomeid": "Sem nome ainda...",
        "qtdid": "1",
        "precoid": "10",
        "entrid": "Andamento"
    },
    "603791608310004": {
        "id": "603791608310004",
        "status": "Pendente (1)",
        "userid": "1009577884786098247",
        "dataid": "quinta-feira, 16 de fevereiro de 2023 às 16:50",
        "nomeid": "Sem nome ainda...",
        "qtdid": "1",
        "precoid": "10",
        "entrid": "Andamento"
    },
    "818941461623651": {
        "id": "818941461623651",
        "status": "Pendente (1)",
        "userid": "1009577884786098247",
        "dataid": "quinta-feira, 16 de fevereiro de 2023 às 16:51",
        "nomeid": "Sem nome ainda...",
        "qtdid": "1",
        "precoid": "10",
        "entrid": "Andamento"
    },
    "761236645784691": {
        "id": "761236645784691",
        "status": "Pendente (2)",
        "userid": "1009577884786098247",
        "dataid": "quinta-feira, 16 de fevereiro de 2023 às 16:55",
        "nomeid": "Sem nome ainda...",
        "qtdid": "1",
        "precoid": "10",
        "entrid": "Andamento"
    },
    "168245277403999": {
        "id": "168245277403999",
        "status": "Pendente (2)",
        "userid": "1009577884786098247",
        "dataid": "quinta-feira, 16 de fevereiro de 2023 às 16:57",
        "nomeid": "Sem nome ainda...",
        "qtdid": "1",
        "precoid": "10",
        "entrid": "Andamento"
    },
    "689203411828910": {
        "id": "689203411828910",
        "status": "Pendente (1)",
        "userid": "1009577884786098247",
        "dataid": "quinta-feira, 16 de fevereiro de 2023 às 16:58",
        "nomeid": "Sem nome ainda...",
        "qtdid": "1",
        "precoid": "10",
        "entrid": "Andamento"
    },
    "43686636378041": {
        "id": "43686636378041",
        "status": "Pendente (2)",
        "userid": "1009577884786098247",
        "dataid": "quinta-feira, 16 de fevereiro de 2023 às 16:58",
        "nomeid": "Sem nome ainda...",
        "qtdid": "1",
        "precoid": "10",
        "entrid": "Andamento"
    },
    "208322716400706": {
        "id": "208322716400706",
        "status": "Pendente (2)",
        "userid": "1009577884786098247",
        "dataid": "quinta-feira, 16 de fevereiro de 2023 às 17:00",
        "nomeid": "Sem nome ainda...",
        "qtdid": "1",
        "precoid": "10",
        "entrid": "Andamento"
    },
    "718861554214607": {
        "id": "718861554214607",
        "status": "Pendente (1)",
        "userid": "1009577884786098247",
        "dataid": "quinta-feira, 16 de fevereiro de 2023 às 17:00",
        "nomeid": "Sem nome ainda...",
        "qtdid": "1",
        "precoid": "10",
        "entrid": "Andamento"
    },
    "252993244457011": {
        "id": "252993244457011",
        "status": "Pendente (1)",
        "userid": "1009577884786098247",
        "dataid": "quinta-feira, 16 de fevereiro de 2023 às 17:01",
        "nomeid": "Sem nome ainda...",
        "qtdid": "1",
        "precoid": "10",
        "entrid": "Andamento"
    },
    "198436084202343": {
        "id": "198436084202343",
        "status": "Pendente (2)",
        "userid": "1009577884786098247",
        "dataid": "quinta-feira, 16 de fevereiro de 2023 às 17:04",
        "nomeid": "Sem nome ainda...",
        "qtdid": "1",
        "precoid": "10",
        "entrid": "Andamento"
    },
    "793963000818632": {
        "id": "793963000818632",
        "status": "Pendente (2)",
        "userid": "1009577884786098247",
        "dataid": "quinta-feira, 16 de fevereiro de 2023 às 17:04",
        "nomeid": "Sem nome ainda...",
        "qtdid": "1",
        "precoid": "10",
        "entrid": "Andamento"
    },
    "356162130296203": {
        "id": "356162130296203",
        "status": "Pendente (1)",
        "userid": "1009577884786098247",
        "dataid": "quinta-feira, 16 de fevereiro de 2023 às 17:06",
        "nomeid": "Sem nome ainda...",
        "qtdid": "1",
        "precoid": "10",
        "entrid": "Andamento"
    },
    "945536756382782": {
        "id": "945536756382782",
        "status": "Pendente (1)",
        "userid": "889600624172355624",
        "dataid": "quinta-feira, 16 de fevereiro de 2023 às 17:06",
        "nomeid": "Sem nome ainda...",
        "qtdid": "1",
        "precoid": "10",
        "entrid": "Andamento"
    },
    "390598015544347": {
        "id": "390598015544347",
        "status": "Pendente (2)",
        "userid": "1009577884786098247",
        "dataid": "quinta-feira, 16 de fevereiro de 2023 às 17:07",
        "nomeid": "Sem nome ainda...",
        "qtdid": "1",
        "precoid": "10",
        "entrid": "Andamento"
    },
    "426987634365248": {
        "id": "426987634365248",
        "status": "Pendente (2)",
        "userid": "889600624172355624",
        "dataid": "quinta-feira, 16 de fevereiro de 2023 às 17:08",
        "nomeid": "Sem nome ainda...",
        "qtdid": "1",
        "precoid": "10",
        "entrid": "Andamento"
    },
    "784171770773162": {
        "id": "784171770773162",
        "status": "Concluido",
        "userid": "889600624172355624",
        "dataid": "quinta-feira, 16 de fevereiro de 2023 às 17:24",
        "nomeid": "Sem nome ainda...",
        "qtdid": "1",
        "precoid": "10",
        "entrid": "teste"
    },
    "669556292965264": {
        "id": "669556292965264",
        "status": "Pendente (1)",
        "userid": "889600624172355624",
        "dataid": "quinta-feira, 16 de fevereiro de 2023 às 17:33",
        "nomeid": "Sem nome ainda...",
        "qtdid": "1",
        "precoid": "10",
        "entrid": "Andamento"
    },
    "682308141313191": {
        "id": "682308141313191",
        "status": "Pendente (1)",
        "userid": "889600624172355624",
        "dataid": "quinta-feira, 16 de fevereiro de 2023 às 17:35",
        "nomeid": "Sem nome ainda...",
        "qtdid": "1",
        "precoid": "10",
        "entrid": "Andamento"
    },
    "757422935321741": {
        "id": "757422935321741",
        "status": "Pendente (1)",
        "userid": "889600624172355624",
        "dataid": "quinta-feira, 16 de fevereiro de 2023 às 17:37",
        "nomeid": "Sem nome ainda...",
        "qtdid": "1",
        "precoid": "10",
        "entrid": "Andamento"
    },
    "516842239317199": {
        "id": "516842239317199",
        "status": "Pendente (1)",
        "userid": "889600624172355624",
        "dataid": "quinta-feira, 16 de fevereiro de 2023 às 17:38",
        "nomeid": "Sem nome ainda...",
        "qtdid": "1",
        "precoid": "10",
        "entrid": "Andamento"
    },
    "9998216407574": {
        "id": "9998216407574",
        "status": "Pendente (1)",
        "userid": "889600624172355624",
        "dataid": "quinta-feira, 16 de fevereiro de 2023 às 17:39",
        "nomeid": "Sem nome ainda...",
        "qtdid": "1",
        "precoid": "10",
        "entrid": "Andamento"
    },
    "905497161801392": {
        "id": "905497161801392",
        "status": "Pendente (1)",
        "userid": "889600624172355624",
        "dataid": "quinta-feira, 16 de fevereiro de 2023 às 17:43",
        "nomeid": "Sem nome ainda...",
        "qtdid": "1",
        "precoid": "10",
        "entrid": "Andamento"
    },
    "24057597271651": {
        "id": "24057597271651",
        "status": "Pendente (1)",
        "userid": "889600624172355624",
        "dataid": "quinta-feira, 16 de fevereiro de 2023 às 17:44",
        "nomeid": "Sem nome ainda...",
        "qtdid": "1",
        "precoid": "10",
        "entrid": "Andamento"
    },
    "90380349125734": {
        "id": "90380349125734",
        "status": "Pendente (1)",
        "userid": "889600624172355624",
        "dataid": "quinta-feira, 16 de fevereiro de 2023 às 17:45",
        "nomeid": "Sem nome ainda...",
        "qtdid": "1",
        "precoid": "10",
        "entrid": "Andamento"
    },
    "226045074582572": {
        "id": "226045074582572",
        "status": "Pendente (1)",
        "userid": "889600624172355624",
        "dataid": "quinta-feira, 16 de fevereiro de 2023 às 17:46",
        "nomeid": "Sem nome ainda...",
        "qtdid": "1",
        "precoid": "10",
        "entrid": "Andamento"
    },
    "799138847783393": {
        "id": "799138847783393",
        "status": "Pendente (1)",
        "userid": "889600624172355624",
        "dataid": "quinta-feira, 16 de fevereiro de 2023 às 17:47",
        "nomeid": "Sem nome ainda...",
        "qtdid": "1",
        "precoid": "10",
        "entrid": "Andamento"
    },
    "508108599482626": {
        "id": "508108599482626",
        "status": "Concluido",
        "userid": "889600624172355624",
        "dataid": "quinta-feira, 16 de fevereiro de 2023 às 19:57",
        "nomeid": "Sem nome ainda...",
        "qtdid": "1",
        "precoid": "10",
        "entrid": "AAAAAAAAAA"
    },
    "441838229852869": {
        "id": "441838229852869",
        "status": "Concluido",
        "userid": "889600624172355624",
        "dataid": "quinta-feira, 16 de fevereiro de 2023 às 23:25",
        "nomeid": "Sem nome ainda...",
        "qtdid": "1",
        "precoid": "10",
        "entrid": "Andamento"
    },
    "327740241741993": {
        "id": "327740241741993",
        "status": "Concluido",
        "userid": "889600624172355624",
        "dataid": "sexta-feira, 17 de fevereiro de 2023 às 01:31",
        "nomeid": "Sem nome ainda...",
        "qtdid": "1",
        "precoid": "10",
        "entrid": "Andamento"
    },
    "118170414421339": {
        "id": "118170414421339",
        "status": "Pendente (1)",
        "userid": "889600624172355624",
        "dataid": "sexta-feira, 17 de fevereiro de 2023 às 11:37",
        "nomeid": "Sem nome ainda...",
        "qtdid": "1",
        "precoid": "10",
        "entrid": "Andamento"
    },
    "142163509236233": {
        "id": "142163509236233",
        "status": "Pendente (1)",
        "userid": "889600624172355624",
        "dataid": "sexta-feira, 17 de fevereiro de 2023 às 11:39",
        "nomeid": "Sem nome ainda...",
        "qtdid": "1",
        "precoid": "10",
        "entrid": "Andamento"
    },
    "814199407311150": {
        "id": "814199407311150",
        "status": "Pendente (2)",
        "userid": "889600624172355624",
        "dataid": "sexta-feira, 17 de fevereiro de 2023 às 22:56",
        "nomeid": "Sem nome ainda...",
        "qtdid": "1",
        "precoid": "10",
        "entrid": "Andamento"
    },
    "950930663698952": {
        "id": "950930663698952",
        "status": "Pendente (2)",
        "userid": "889600624172355624",
        "dataid": "sexta-feira, 17 de fevereiro de 2023 às 23:03",
        "nomeid": "Sem nome ainda...",
        "qtdid": "1",
        "precoid": "10",
        "entrid": "Andamento"
    },
    "616454233146970": {
        "id": "616454233146970",
        "status": "Pendente (2)",
        "userid": "889600624172355624",
        "dataid": "sexta-feira, 17 de fevereiro de 2023 às 23:04",
        "nomeid": "Sem nome ainda...",
        "qtdid": "1",
        "precoid": "10",
        "entrid": "Andamento"
    },
    "818398318341799": {
        "id": "818398318341799",
        "status": "Pendente (2)",
        "userid": "889600624172355624",
        "dataid": "sexta-feira, 17 de fevereiro de 2023 às 23:07",
        "nomeid": "Sem nome ainda...",
        "qtdid": "1",
        "precoid": "10",
        "entrid": "Andamento"
    },
    "399998248987304": {
        "id": "399998248987304",
        "status": "Concluido",
        "userid": "889600624172355624",
        "dataid": "sexta-feira, 17 de fevereiro de 2023 às 23:10",
        "nomeid": "Sem nome ainda...",
        "qtdid": "1",
        "precoid": "10",
        "entrid": "Andamento"
    },
    "168979954913427": {
        "id": "168979954913427",
        "status": "Pendente (1)",
        "userid": "889600624172355624",
        "dataid": "sexta-feira, 17 de fevereiro de 2023 às 23:13",
        "nomeid": "Sem nome ainda...",
        "qtdid": "1",
        "precoid": "10",
        "entrid": "Andamento"
    },
    "350322250451812": {
        "id": "350322250451812",
        "status": "Pendente (2)",
        "userid": "889600624172355624",
        "dataid": "sexta-feira, 17 de fevereiro de 2023 às 23:15",
        "nomeid": "Sem nome ainda...",
        "qtdid": "1",
        "precoid": "10",
        "entrid": "Andamento"
    },
    "126818306902240": {
        "id": "126818306902240",
        "status": "Pendente (1)",
        "userid": "889600624172355624",
        "dataid": "sexta-feira, 17 de fevereiro de 2023 às 23:18",
        "nomeid": "Sem nome ainda...",
        "qtdid": "1",
        "precoid": "10",
        "entrid": "Andamento"
    },
    "709866312647576": {
        "id": "709866312647576",
        "status": "Pendente (1)",
        "userid": "889600624172355624",
        "dataid": "sexta-feira, 17 de fevereiro de 2023 às 23:23",
        "nomeid": "Sem nome ainda...",
        "qtdid": "1",
        "precoid": "10",
        "entrid": "Andamento"
    },
    "773026489069708": {
        "id": "773026489069708",
        "status": "Pendente (2)",
        "userid": "889600624172355624",
        "dataid": "sábado, 18 de fevereiro de 2023 às 00:43",
        "nomeid": "Sem nome ainda...",
        "qtdid": "1",
        "precoid": "10",
        "entrid": "Andamento"
    },
    "604121615382362": {
        "id": "604121615382362",
        "status": "Pendente (2)",
        "userid": "889600624172355624",
        "dataid": "sábado, 18 de fevereiro de 2023 às 00:44",
        "nomeid": "Sem nome ainda...",
        "qtdid": "1",
        "precoid": "10",
        "entrid": "Andamento"
    },
    "588306879009392": {
        "id": "588306879009392",
        "status": "Pendente (2)",
        "userid": "889600624172355624",
        "dataid": "sábado, 18 de fevereiro de 2023 às 00:45",
        "nomeid": "Sem nome ainda...",
        "qtdid": "1",
        "precoid": "10",
        "entrid": "Andamento"
    },
    "279116633786263": {
        "id": "279116633786263",
        "status": "Pendente (2)",
        "userid": "889600624172355624",
        "dataid": "sábado, 18 de fevereiro de 2023 às 15:35",
        "nomeid": "Sem nome ainda...",
        "qtdid": "1",
        "precoid": "10",
        "entrid": "Andamento"
    },
    "723666955386025": {
        "id": "723666955386025",
        "status": "Concluido",
        "userid": "889600624172355624",
        "dataid": "sábado, 18 de fevereiro de 2023 às 15:40",
        "nomeid": "Sem nome ainda...",
        "qtdid": "1",
        "precoid": "10",
        "entrid": "AAAAAAAAAAAA"
    },
    "871649407777797": {
        "id": "871649407777797",
        "status": "Concluido",
        "userid": "889600624172355624",
        "dataid": "sábado, 18 de fevereiro de 2023 às 15:57",
        "nomeid": "Sem nome ainda...",
        "qtdid": "1",
        "precoid": "10",
        "entrid": "Andamento"
    },
    "934188350196720": {
        "id": "934188350196720",
        "status": "Pendente (2)",
        "userid": "889600624172355624",
        "dataid": "domingo, 19 de fevereiro de 2023 às 16:12",
        "nomeid": "Sem nome ainda...",
        "qtdid": "1",
        "precoid": "10",
        "entrid": "Andamento"
    },
    "554689173624290": {
        "id": "554689173624290",
        "status": "Pendente (2)",
        "userid": "1009577884786098247",
        "dataid": "domingo, 19 de fevereiro de 2023 às 16:43",
        "nomeid": "Sem nome ainda...",
        "qtdid": "1",
        "precoid": "10",
        "entrid": "Andamento"
    },
    "629216675238708": {
        "id": "629216675238708",
        "status": "Pendente (2)",
        "userid": "1009577884786098247",
        "dataid": "domingo, 19 de fevereiro de 2023 às 16:52",
        "nomeid": "Sem nome ainda...",
        "qtdid": "1",
        "precoid": "10",
        "entrid": "Andamento"
    },
    "164058459739609": {
        "id": "164058459739609",
        "status": "Pendente (2)",
        "userid": "1009577884786098247",
        "dataid": "domingo, 19 de fevereiro de 2023 às 16:54",
        "nomeid": "Sem nome ainda...",
        "qtdid": "1",
        "precoid": "10",
        "entrid": "Andamento"
    },
    "775731971285685": {
        "id": "775731971285685",
        "status": "Pendente (2)",
        "userid": "1009577884786098247",
        "dataid": "domingo, 19 de fevereiro de 2023 às 16:58",
        "nomeid": "Sem nome ainda...",
        "qtdid": "1",
        "precoid": "10",
        "entrid": "Andamento"
    },
    "557655011295867": {
        "id": "557655011295867",
        "status": "Pendente (1)",
        "userid": "1009577884786098247",
        "dataid": "domingo, 19 de fevereiro de 2023 às 17:01",
        "nomeid": "Sem nome ainda...",
        "qtdid": "1",
        "precoid": "10",
        "entrid": "Andamento"
    },
    "419359761011573": {
        "id": "419359761011573",
        "status": "Pendente (1)",
        "userid": "1009577884786098247",
        "dataid": "domingo, 19 de fevereiro de 2023 às 17:01",
        "nomeid": "Sem nome ainda...",
        "qtdid": "1",
        "precoid": "10",
        "entrid": "Andamento"
    },
    "751766658189003": {
        "id": "751766658189003",
        "status": "Pendente (1)",
        "userid": "1009577884786098247",
        "dataid": "domingo, 19 de fevereiro de 2023 às 17:02",
        "nomeid": "Sem nome ainda...",
        "qtdid": "1",
        "precoid": "10",
        "entrid": "Andamento"
    },
    "769097202310810": {
        "id": "769097202310810",
        "status": "Pendente (1)",
        "userid": "1009577884786098247",
        "dataid": "domingo, 19 de fevereiro de 2023 às 17:03",
        "nomeid": "Sem nome ainda...",
        "qtdid": "1",
        "precoid": "10",
        "entrid": "Andamento"
    },
    "553959898173232": {
        "id": "553959898173232",
        "status": "Pendente (1)",
        "userid": "1009577884786098247",
        "dataid": "domingo, 19 de fevereiro de 2023 às 17:04",
        "nomeid": "Sem nome ainda...",
        "qtdid": "1",
        "precoid": "10",
        "entrid": "Andamento"
    },
    "285646199513523": {
        "id": "285646199513523",
        "status": "Pendente (1)",
        "userid": "1009577884786098247",
        "dataid": "domingo, 19 de fevereiro de 2023 às 17:05",
        "nomeid": "Sem nome ainda...",
        "qtdid": "1",
        "precoid": "10",
        "entrid": "Andamento"
    },
    "326149954290294": {
        "id": "326149954290294",
        "status": "Pendente (1)",
        "userid": "1009577884786098247",
        "dataid": "domingo, 19 de fevereiro de 2023 às 17:07",
        "nomeid": "Sem nome ainda...",
        "qtdid": "1",
        "precoid": "10",
        "entrid": "Andamento"
    },
    "357769851085749": {
        "id": "357769851085749",
        "status": "Pendente (1)",
        "userid": "1009577884786098247",
        "dataid": "domingo, 19 de fevereiro de 2023 às 17:08",
        "nomeid": "Sem nome ainda...",
        "qtdid": "1",
        "precoid": "10",
        "entrid": "Andamento"
    },
    "129604312703043": {
        "id": "129604312703043",
        "status": "Pendente (1)",
        "userid": "1009577884786098247",
        "dataid": "domingo, 19 de fevereiro de 2023 às 17:09",
        "nomeid": "Sem nome ainda...",
        "qtdid": "1",
        "precoid": "10",
        "entrid": "Andamento"
    },
    "675820431013542": {
        "id": "675820431013542",
        "status": "Pendente (2)",
        "userid": "1009577884786098247",
        "dataid": "domingo, 19 de fevereiro de 2023 às 17:10",
        "nomeid": "Sem nome ainda...",
        "qtdid": "1",
        "precoid": "10",
        "entrid": "Andamento"
    },
    "169965956147991": {
        "id": "169965956147991",
        "status": "Pendente (2)",
        "userid": "1009577884786098247",
        "dataid": "domingo, 19 de fevereiro de 2023 às 17:12",
        "nomeid": "Sem nome ainda...",
        "qtdid": "1",
        "precoid": "10",
        "entrid": "Andamento"
    },
    "139554277768148": {
        "id": "139554277768148",
        "status": "Pendente (1)",
        "userid": "1009577884786098247",
        "dataid": "domingo, 19 de fevereiro de 2023 às 17:15",
        "nomeid": "Sem nome ainda...",
        "qtdid": "1",
        "precoid": "10",
        "entrid": "Andamento"
    },
    "143731023428065": {
        "id": "143731023428065",
        "status": "Pendente(2)",
        "userid": "1009577884786098247",
        "dataid": "domingo, 19 de fevereiro de 2023 às 17:15",
        "nomeid": "Sem nome ainda...",
        "qtdid": "1",
        "precoid": "10",
        "entrid": "Andamento"
    },
    "992173743376027": {
        "id": "992173743376027",
        "status": "Pendente(2)",
        "userid": "1009577884786098247",
        "dataid": "domingo, 19 de fevereiro de 2023 às 17:17",
        "nomeid": "Sem nome ainda...",
        "qtdid": "1",
        "precoid": "10",
        "entrid": "Andamento"
    },
    "871135127195220": {
        "id": "871135127195220",
        "status": "Pendente(2)",
        "userid": "1009577884786098247",
        "dataid": "domingo, 19 de fevereiro de 2023 às 17:18",
        "nomeid": "Sem nome ainda...",
        "qtdid": "1",
        "precoid": "10",
        "entrid": "Andamento"
    },
    "150670939731176": {
        "id": "150670939731176",
        "status": "Pendente(2)",
        "userid": "1009577884786098247",
        "dataid": "domingo, 19 de fevereiro de 2023 às 17:23",
        "nomeid": "Sem nome ainda...",
        "qtdid": "1",
        "precoid": "10",
        "entrid": "Andamento"
    },
    "259170645881314": {
        "id": "259170645881314",
        "status": "Pendente(2)",
        "userid": "1009577884786098247",
        "dataid": "domingo, 19 de fevereiro de 2023 às 17:25",
        "nomeid": "Sem nome ainda...",
        "qtdid": "1",
        "precoid": "10",
        "entrid": "Andamento"
    },
    "518074687923655": {
        "id": "518074687923655",
        "status": "Pendente (1)",
        "userid": "1009577884786098247",
        "dataid": "domingo, 19 de fevereiro de 2023 às 17:25",
        "nomeid": "Sem nome ainda...",
        "qtdid": "1",
        "precoid": "10",
        "entrid": "Andamento"
    },
    "779253443556476": {
        "id": "779253443556476",
        "status": "Pendente(2)",
        "userid": "1009577884786098247",
        "dataid": "domingo, 19 de fevereiro de 2023 às 17:27",
        "nomeid": "Sem nome ainda...",
        "qtdid": "1",
        "precoid": "10",
        "entrid": "Andamento"
    },
    "621802300702354": {
        "id": "621802300702354",
        "status": "Pendente (1)",
        "userid": "1009577884786098247",
        "dataid": "domingo, 19 de fevereiro de 2023 às 17:28",
        "nomeid": "Sem nome ainda...",
        "qtdid": "1",
        "precoid": "10",
        "entrid": "Andamento"
    },
    "614762276841055": {
        "id": "614762276841055",
        "status": "Pendente(2)",
        "userid": "1009577884786098247",
        "dataid": "domingo, 19 de fevereiro de 2023 às 17:29",
        "nomeid": "Sem nome ainda...",
        "qtdid": "1",
        "precoid": "10",
        "entrid": "Andamento"
    },
    "68882933364565": {
        "id": "68882933364565",
        "status": "Pendente(2)",
        "userid": "1009577884786098247",
        "dataid": "domingo, 19 de fevereiro de 2023 às 17:30",
        "nomeid": "Sem nome ainda...",
        "qtdid": "1",
        "precoid": "10",
        "entrid": "Andamento"
    },
    "686927712210500": {
        "id": "686927712210500",
        "status": "Pendente(2)",
        "userid": "1009577884786098247",
        "dataid": "domingo, 19 de fevereiro de 2023 às 17:32",
        "nomeid": "Sem nome ainda...",
        "qtdid": "1",
        "precoid": "10",
        "entrid": "Andamento"
    },
    "791402425827714": {
        "id": "791402425827714",
        "status": "Pendente(2)",
        "userid": "1009577884786098247",
        "dataid": "domingo, 19 de fevereiro de 2023 às 17:33",
        "nomeid": "Sem nome ainda...",
        "qtdid": "1",
        "precoid": "10",
        "entrid": "Andamento"
    },
    "492216558340888": {
        "id": "492216558340888",
        "status": "Pendente(2)",
        "userid": "1009577884786098247",
        "dataid": "domingo, 19 de fevereiro de 2023 às 17:34",
        "nomeid": "Sem nome ainda...",
        "qtdid": "1",
        "precoid": "10",
        "entrid": "Andamento"
    },
    "22183819770793": {
        "id": "22183819770793",
        "status": "Pendente(2)",
        "userid": "1009577884786098247",
        "dataid": "domingo, 19 de fevereiro de 2023 às 17:34",
        "nomeid": "Sem nome ainda...",
        "qtdid": "1",
        "precoid": "10",
        "entrid": "Andamento"
    },
    "350371778498279": {
        "id": "350371778498279",
        "status": "Pendente(2)",
        "userid": "1009577884786098247",
        "dataid": "domingo, 19 de fevereiro de 2023 às 17:36",
        "nomeid": "Sem nome ainda...",
        "qtdid": "1",
        "precoid": "10",
        "entrid": "Andamento"
    },
    "874983198164449": {
        "id": "874983198164449",
        "status": "Pendente(2)",
        "userid": "1009577884786098247",
        "dataid": "domingo, 19 de fevereiro de 2023 às 17:36",
        "nomeid": "Sem nome ainda...",
        "qtdid": "1",
        "precoid": "10",
        "entrid": "Andamento"
    },
    "26302421131166": {
        "id": "26302421131166",
        "status": "Pendente(2)",
        "userid": "1009577884786098247",
        "dataid": "domingo, 19 de fevereiro de 2023 às 17:38",
        "nomeid": "Sem nome ainda...",
        "qtdid": "1",
        "precoid": "10",
        "entrid": "Andamento"
    },
    "734777063575028": {
        "id": "734777063575028",
        "status": "Pendente(2)",
        "userid": "1009577884786098247",
        "dataid": "domingo, 19 de fevereiro de 2023 às 17:39",
        "nomeid": "Sem nome ainda...",
        "qtdid": "1",
        "precoid": "10",
        "entrid": "Andamento"
    },
    "470139564673310": {
        "id": "470139564673310",
        "status": "Pendente(2)",
        "userid": "1009577884786098247",
        "dataid": "domingo, 19 de fevereiro de 2023 às 17:40",
        "nomeid": "Sem nome ainda...",
        "qtdid": "1",
        "precoid": "10",
        "entrid": "Andamento"
    },
    "8440476802966": {
        "id": "8440476802966",
        "status": "Pendente(2)",
        "userid": "1009577884786098247",
        "dataid": "domingo, 19 de fevereiro de 2023 às 17:40",
        "nomeid": "Sem nome ainda...",
        "qtdid": "1",
        "precoid": "10",
        "entrid": "Andamento"
    },
    "306747243678954": {
        "id": "306747243678954",
        "status": "Pendente (1)",
        "userid": "1009577884786098247",
        "dataid": "domingo, 19 de fevereiro de 2023 às 17:41",
        "nomeid": "Sem nome ainda...",
        "qtdid": "1",
        "precoid": "10",
        "entrid": "Andamento"
    },
    "343834536758554": {
        "id": "343834536758554",
        "status": "Pendente (1)",
        "userid": "1009577884786098247",
        "dataid": "domingo, 19 de fevereiro de 2023 às 17:42",
        "nomeid": "Sem nome ainda...",
        "qtdid": "1",
        "precoid": "10",
        "entrid": "Andamento"
    },
    "627928637246026": {
        "id": "627928637246026",
        "status": "Pendente(2)",
        "userid": "889600624172355624",
        "dataid": "segunda-feira, 20 de fevereiro de 2023 às 14:05",
        "nomeid": "Sem nome ainda...",
        "qtdid": "1",
        "precoid": "10",
        "entrid": "Andamento"
    },
    "578745611237021": {
        "id": "578745611237021",
        "status": "Concluido",
        "userid": "889600624172355624",
        "dataid": "segunda-feira, 20 de fevereiro de 2023 às 14:43",
        "nomeid": "Sem nome ainda...",
        "qtdid": "1",
        "precoid": "10",
        "entrid": "Andamento"
    },
    "847549132576779": {
        "id": "847549132576779",
        "status": "Concluido",
        "userid": "889600624172355624",
        "dataid": "segunda-feira, 20 de fevereiro de 2023 às 14:47",
        "nomeid": "Sem nome ainda...",
        "qtdid": "1",
        "precoid": "10",
        "entrid": "SaltyTearsBuddy:caleblawrence12"
    },
    "452336604497642": {
        "id": "452336604497642",
        "status": "Concluido",
        "userid": "889600624172355624",
        "dataid": "segunda-feira, 20 de fevereiro de 2023 às 22:15",
        "nomeid": "Sem nome ainda...",
        "qtdid": "1",
        "precoid": "10",
        "entrid": "UNKNOWN:mustafababa1907"
    },
    "879188049308040": {
        "id": "879188049308040",
        "status": "Pendente(2)",
        "userid": "889600624172355624",
        "dataid": "segunda-feira, 20 de fevereiro de 2023 às 22:22",
        "nomeid": "Sem nome ainda...",
        "qtdid": "1",
        "precoid": "10",
        "entrid": "Andamento"
    },
    "470529680522847": {
        "id": "470529680522847",
        "status": "Pendente(2)",
        "userid": "889600624172355624",
        "dataid": "segunda-feira, 20 de fevereiro de 2023 às 22:25",
        "nomeid": "Sem nome ainda...",
        "qtdid": "1",
        "precoid": "10",
        "entrid": "Andamento"
    },
    "408789912673393": {
        "id": "408789912673393",
        "status": "Pendente (1)",
        "userid": "889600624172355624",
        "dataid": "segunda-feira, 20 de fevereiro de 2023 às 22:28",
        "nomeid": "Sem nome ainda...",
        "qtdid": "1",
        "precoid": "10",
        "entrid": "Andamento"
    },
    "537305668077366": {
        "id": "537305668077366",
        "status": "Pendente (1)",
        "userid": "889600624172355624",
        "dataid": "segunda-feira, 20 de fevereiro de 2023 às 22:40",
        "nomeid": "Sem nome ainda...",
        "qtdid": "1",
        "precoid": "10",
        "entrid": "Andamento"
    },
    "13780376749916": {
        "id": "13780376749916",
        "status": "Pendente (1)",
        "userid": "942286752129876008",
        "dataid": "segunda-feira, 20 de fevereiro de 2023 às 22:45",
        "nomeid": "Sem nome ainda...",
        "qtdid": "1",
        "precoid": "10",
        "entrid": "Andamento"
    },
    "140074014349817": {
        "id": "140074014349817",
        "status": "Concluido",
        "userid": "889600624172355624",
        "dataid": "segunda-feira, 20 de fevereiro de 2023 às 22:56",
        "nomeid": "Sem nome ainda...",
        "qtdid": "1",
        "precoid": "10",
        "entrid": "Andamento"
    },
    "851762992723713": {
        "id": "851762992723713",
        "status": "Pendente (1)",
        "userid": "889600624172355624",
        "dataid": "segunda-feira, 20 de fevereiro de 2023 às 23:14",
        "nomeid": "Sem nome ainda...",
        "qtdid": "1",
        "precoid": "10",
        "entrid": "Andamento"
    },
    "608539913677758": {
        "id": "608539913677758",
        "status": "Pendente (1)",
        "userid": "889600624172355624",
        "dataid": "segunda-feira, 20 de fevereiro de 2023 às 23:16",
        "nomeid": "Sem nome ainda...",
        "qtdid": "1",
        "precoid": "10",
        "entrid": "Andamento"
    },
    "321266538306899": {
        "id": "321266538306899",
        "status": "Pendente (1)",
        "userid": "889600624172355624",
        "dataid": "segunda-feira, 20 de fevereiro de 2023 às 23:17",
        "nomeid": "Sem nome ainda...",
        "qtdid": "1",
        "precoid": "10",
        "entrid": "Andamento"
    },
    "951487687596603": {
        "id": "951487687596603",
        "status": "Pendente (1)",
        "userid": "889600624172355624",
        "dataid": "segunda-feira, 20 de fevereiro de 2023 às 23:17",
        "nomeid": "Sem nome ainda...",
        "qtdid": "1",
        "precoid": "10",
        "entrid": "Andamento"
    },
    "561932584365191": {
        "id": "561932584365191",
        "status": "Pendente (1)",
        "userid": "889600624172355624",
        "dataid": "segunda-feira, 20 de fevereiro de 2023 às 23:20",
        "nomeid": "Sem nome ainda...",
        "qtdid": "1",
        "precoid": "10",
        "entrid": "Andamento"
    },
    "237714927036272": {
        "id": "237714927036272",
        "status": "Pendente (1)",
        "userid": "889600624172355624",
        "dataid": "segunda-feira, 20 de fevereiro de 2023 às 23:22",
        "nomeid": "Sem nome ainda...",
        "qtdid": "1",
        "precoid": "10",
        "entrid": "Andamento"
    },
    "306249139631858": {
        "id": "306249139631858",
        "status": "Pendente (1)",
        "userid": "889600624172355624",
        "dataid": "segunda-feira, 20 de fevereiro de 2023 às 23:27",
        "nomeid": "Sem nome ainda...",
        "qtdid": "1",
        "precoid": "10",
        "entrid": "Andamento"
    },
    "148309667568815": {
        "id": "148309667568815",
        "status": "Pendente (1)",
        "userid": "889600624172355624",
        "dataid": "segunda-feira, 20 de fevereiro de 2023 às 23:29",
        "nomeid": "Sem nome ainda...",
        "qtdid": "1",
        "precoid": "10",
        "entrid": "Andamento"
    },
    "627446586655322": {
        "id": "627446586655322",
        "status": "Pendente(2)",
        "userid": "889600624172355624",
        "dataid": "segunda-feira, 20 de fevereiro de 2023 às 23:38",
        "nomeid": "Sem nome ainda...",
        "qtdid": "1",
        "precoid": "10",
        "entrid": "Andamento"
    },
    "2759940941443": {
        "id": "2759940941443",
        "status": "Pendente (1)",
        "userid": "889600624172355624",
        "dataid": "segunda-feira, 20 de fevereiro de 2023 às 23:44",
        "nomeid": "Sem nome ainda...",
        "qtdid": "1",
        "precoid": "10",
        "entrid": "Andamento"
    },
    "862424368701134": {
        "id": "862424368701134",
        "status": "Pendente (1)",
        "userid": "889600624172355624",
        "dataid": "segunda-feira, 20 de fevereiro de 2023 às 23:48",
        "nomeid": "Sem nome ainda...",
        "qtdid": "1",
        "precoid": "10",
        "entrid": "Andamento"
    },
    "126152302594295": {
        "id": "126152302594295",
        "status": "Pendente (1)",
        "userid": "889600624172355624",
        "dataid": "segunda-feira, 20 de fevereiro de 2023 às 23:53",
        "nomeid": "Sem nome ainda...",
        "qtdid": "1",
        "precoid": "10",
        "entrid": "Andamento"
    },
    "921038077201000": {
        "id": "921038077201000",
        "status": "Pendente (1)",
        "userid": "889600624172355624",
        "dataid": "segunda-feira, 20 de fevereiro de 2023 às 23:57",
        "nomeid": "Sem nome ainda...",
        "qtdid": "1",
        "precoid": "10",
        "entrid": "Andamento"
    },
    "32271270261101": {
        "id": "32271270261101",
        "status": "Pendente(2)",
        "userid": "889600624172355624",
        "dataid": "segunda-feira, 20 de fevereiro de 2023 às 23:59",
        "nomeid": "Sem nome ainda...",
        "qtdid": "1",
        "precoid": "10",
        "entrid": "Andamento"
    },
    "376384388154378": {
        "id": "376384388154378",
        "status": "Concluido",
        "userid": "889600624172355624",
        "dataid": "terça-feira, 21 de fevereiro de 2023 às 00:04",
        "nomeid": "Sem nome ainda...",
        "qtdid": "1",
        "precoid": "10",
        "entrid": "Andamento"
    },
    "946923812259907": {
        "id": "946923812259907",
        "status": "Concluido",
        "userid": "889600624172355624",
        "dataid": "terça-feira, 21 de fevereiro de 2023 às 00:14",
        "nomeid": "Sem nome ainda...",
        "qtdid": "1",
        "precoid": "10",
        "entrid": "Andamento"
    },
    "554222016575172": {
        "id": "554222016575172",
        "status": "Concluido",
        "userid": "889600624172355624",
        "dataid": "terça-feira, 21 de fevereiro de 2023 às 00:26",
        "nomeid": "Sem nome ainda...",
        "qtdid": "1",
        "precoid": "10",
        "entrid": "Andamento"
    },
    "424664328958053": {
        "id": "424664328958053",
        "status": "Concluido",
        "userid": "889600624172355624",
        "dataid": "terça-feira, 21 de fevereiro de 2023 às 00:41",
        "nomeid": "Sem nome ainda...",
        "qtdid": "1",
        "precoid": "10",
        "entrid": "Andamento"
    },
    "512422145119906": {
        "id": "512422145119906",
        "status": "Pendente (1)",
        "userid": "889600624172355624",
        "dataid": "terça-feira, 21 de fevereiro de 2023 às 17:21",
        "nomeid": "Teste",
        "qtdid": "1",
        "precoid": "10",
        "entrid": "Andamento"
    },
    "246576080589889": {
        "id": "246576080589889",
        "status": "Pendente (1)",
        "userid": "889600624172355624",
        "dataid": "terça-feira, 21 de fevereiro de 2023 às 17:22",
        "nomeid": "Teste",
        "qtdid": "1",
        "precoid": "10",
        "entrid": "Andamento"
    },
    "168448858326350": {
        "id": "168448858326350",
        "status": "Pendente (1)",
        "userid": "889600624172355624",
        "dataid": "terça-feira, 21 de fevereiro de 2023 às 17:26",
        "nomeid": "Teste",
        "qtdid": "1",
        "precoid": "10",
        "entrid": "Andamento"
    },
    "741252940166650": {
        "id": "741252940166650",
        "status": "Pendente (1)",
        "userid": "889600624172355624",
        "dataid": "terça-feira, 21 de fevereiro de 2023 às 17:27",
        "nomeid": "Teste",
        "qtdid": "1",
        "precoid": "10",
        "entrid": "Andamento"
    },
    "334780248530897": {
        "id": "334780248530897",
        "status": "Pendente (1)",
        "userid": "889600624172355624",
        "dataid": "terça-feira, 21 de fevereiro de 2023 às 17:28",
        "nomeid": "Teste",
        "qtdid": "1",
        "precoid": "10",
        "entrid": "Andamento"
    },
    "246536002686547": {
        "id": "246536002686547",
        "status": "Pendente (1)",
        "userid": "889600624172355624",
        "dataid": "terça-feira, 21 de fevereiro de 2023 às 17:30",
        "nomeid": "Teste",
        "qtdid": "1",
        "precoid": "10",
        "entrid": "Andamento"
    },
    "586262025703957": {
        "id": "586262025703957",
        "status": "Pendente (1)",
        "userid": "889600624172355624",
        "dataid": "terça-feira, 21 de fevereiro de 2023 às 17:34",
        "nomeid": "Teste",
        "qtdid": "1",
        "precoid": "10",
        "entrid": "Andamento"
    },
    "127318570830912": {
        "id": "127318570830912",
        "status": "Pendente(2)",
        "userid": "889600624172355624",
        "dataid": "terça-feira, 21 de fevereiro de 2023 às 17:35",
        "nomeid": "Teste",
        "qtdid": "1",
        "precoid": "10",
        "entrid": "Andamento"
    },
    "65311727437989": {
        "id": "65311727437989",
        "status": "Pendente(2)",
        "userid": "889600624172355624",
        "dataid": "terça-feira, 21 de fevereiro de 2023 às 17:40",
        "nomeid": "Teste",
        "qtdid": "1",
        "precoid": "10",
        "entrid": "Andamento"
    },
    "479151194146955": {
        "id": "479151194146955",
        "status": "Pendente(2)",
        "userid": "889600624172355624",
        "dataid": "terça-feira, 21 de fevereiro de 2023 às 17:40",
        "nomeid": "Teste",
        "qtdid": "1",
        "precoid": "10",
        "entrid": "Andamento"
    },
    "493373880421703": {
        "id": "493373880421703",
        "status": "Pendente (1)",
        "userid": "889600624172355624",
        "dataid": "terça-feira, 21 de fevereiro de 2023 às 17:49",
        "nomeid": "Sem nome ainda...",
        "qtdid": "1",
        "precoid": "10.00",
        "entrid": "Andamento"
    },
    "888158741809588": {
        "id": "888158741809588",
        "status": "Concluido",
        "userid": "889600624172355624",
        "dataid": "terça-feira, 21 de fevereiro de 2023 às 17:56",
        "nomeid": "TESTEZZ",
        "qtdid": "1",
        "precoid": "10",
        "entrid": "A"
    },
    "218817773946385": {
        "id": "218817773946385",
        "status": "Concluido",
        "userid": "834913834036232253",
        "dataid": "terça-feira, 21 de fevereiro de 2023 às 17:59",
        "nomeid": "TESTEZZ",
        "qtdid": "1",
        "precoid": "10",
        "entrid": "A"
    },
    "702360366675780": {
        "id": "702360366675780",
        "status": "Concluido",
        "userid": "834913834036232253",
        "dataid": "terça-feira, 21 de fevereiro de 2023 às 18:00",
        "nomeid": "TESTEZZ",
        "qtdid": "1",
        "precoid": "10",
        "entrid": "A \nA \nA"
    },
    "350564819770892": {
        "id": "350564819770892",
        "status": "Pendente (1)",
        "userid": "1009577884786098247",
        "dataid": "sexta-feira, 24 de fevereiro de 2023 às 22:26",
        "nomeid": "Sem nome ainda...",
        "qtdid": "1",
        "precoid": "10",
        "entrid": "Andamento"
    },
    "628752766914187": {
        "id": "628752766914187",
        "status": "Pendente (1)",
        "userid": "1009577884786098247",
        "dataid": "sexta-feira, 24 de fevereiro de 2023 às 22:28",
        "nomeid": "Sem nome ainda...",
        "qtdid": "1",
        "precoid": "10",
        "entrid": "Andamento"
    },
    "568477938303909": {
        "id": "568477938303909",
        "status": "Pendente (1)",
        "userid": "1009577884786098247",
        "dataid": "sexta-feira, 24 de fevereiro de 2023 às 22:30",
        "nomeid": "Sem nome ainda...",
        "qtdid": "1",
        "precoid": "10",
        "entrid": "Andamento"
    },
    "405319938226520": {
        "id": "405319938226520",
        "status": "Pendente (1)",
        "userid": "1009577884786098247",
        "dataid": "sexta-feira, 24 de fevereiro de 2023 às 22:32",
        "nomeid": "Sem nome ainda...",
        "qtdid": "1",
        "precoid": "10",
        "entrid": "Andamento"
    },
    "352110243878043": {
        "id": "352110243878043",
        "status": "Pendente (1)",
        "userid": "1009577884786098247",
        "dataid": "sexta-feira, 24 de fevereiro de 2023 às 22:33",
        "nomeid": "Sem nome ainda...",
        "qtdid": "1",
        "precoid": "10",
        "entrid": "Andamento"
    },
    "639680905578071": {
        "id": "639680905578071",
        "status": "Pendente (1)",
        "userid": "1009577884786098247",
        "dataid": "sexta-feira, 24 de fevereiro de 2023 às 22:33",
        "nomeid": "Sem nome ainda...",
        "qtdid": "1",
        "precoid": "10",
        "entrid": "Andamento"
    },
    "847104907413699": {
        "id": "847104907413699",
        "status": "Pendente (1)",
        "userid": "1009577884786098247",
        "dataid": "sexta-feira, 24 de fevereiro de 2023 às 22:34",
        "nomeid": "Sem nome ainda...",
        "qtdid": "1",
        "precoid": "10",
        "entrid": "Andamento"
    },
    "404770906548681": {
        "id": "404770906548681",
        "status": "Pendente (1)",
        "userid": "1009577884786098247",
        "dataid": "sexta-feira, 24 de fevereiro de 2023 às 22:36",
        "nomeid": "Sem nome ainda...",
        "qtdid": "1",
        "precoid": "10",
        "entrid": "Andamento"
    },
    "201058025687591": {
        "id": "201058025687591",
        "status": "Pendente (1)",
        "userid": "1009577884786098247",
        "dataid": "sexta-feira, 24 de fevereiro de 2023 às 22:42",
        "nomeid": "Sem nome ainda...",
        "qtdid": "1",
        "precoid": "10",
        "entrid": "Andamento"
    },
    "482183642575126": {
        "id": "482183642575126",
        "status": "Pendente (1)",
        "userid": "1009577884786098247",
        "dataid": "sexta-feira, 24 de fevereiro de 2023 às 22:43",
        "nomeid": "Sem nome ainda...",
        "qtdid": "1",
        "precoid": "10",
        "entrid": "Andamento"
    },
    "360177910738153": {
        "id": "360177910738153",
        "status": "Pendente (1)",
        "userid": "1009577884786098247",
        "dataid": "sexta-feira, 24 de fevereiro de 2023 às 22:48",
        "nomeid": "Sem nome ainda...",
        "qtdid": "1",
        "precoid": "10",
        "entrid": "Andamento"
    },
    "940083675691890": {
        "id": "940083675691890",
        "status": "Pendente (1)",
        "userid": "1009577884786098247",
        "dataid": "sexta-feira, 24 de fevereiro de 2023 às 22:51",
        "nomeid": "Sem nome ainda...",
        "qtdid": "1",
        "precoid": "10",
        "entrid": "Andamento"
    },
    "132796187784397": {
        "id": "132796187784397",
        "status": "Pendente (1)",
        "userid": "1009577884786098247",
        "dataid": "sexta-feira, 24 de fevereiro de 2023 às 22:53",
        "nomeid": "Sem nome ainda...",
        "qtdid": "1",
        "precoid": "10",
        "entrid": "Andamento"
    },
    "942327680373271": {
        "id": "942327680373271",
        "status": "Processando",
        "userid": "1009577884786098247",
        "dataid": "sexta-feira, 24 de fevereiro de 2023 às 22:57",
        "nomeid": "Sem nome ainda...",
        "qtdid": "1",
        "precoid": "10",
        "entrid": "Andamento"
    },
    "711268671247448": {
        "id": "711268671247448",
        "status": "Concluido",
        "userid": "1009577884786098247",
        "dataid": "sexta-feira, 24 de fevereiro de 2023 às 22:59",
        "nomeid": "Sem nome ainda...",
        "qtdid": "1",
        "precoid": "10",
        "entrid": "Andamento"
    },
    "588434752754552": {
        "id": "588434752754552",
        "status": "Concluido",
        "userid": "1009577884786098247",
        "dataid": "sexta-feira, 24 de fevereiro de 2023 às 23:06",
        "nomeid": "Sem nome ainda...",
        "qtdid": "1",
        "precoid": "10",
        "entrid": "a"
    },
    "236409067688096": {
        "id": "236409067688096",
        "status": "Pendente (1)",
        "userid": "1067430744743477298",
        "dataid": "terça-feira, 28 de fevereiro de 2023 às 22:07",
        "nomeid": "Método Hbo Max 30 Dias",
        "qtdid": "1",
        "precoid": "10",
        "entrid": "Andamento"
    },
    "960290350406219": {
        "id": "960290350406219",
        "status": "Concluido",
        "userid": "1067430744743477298",
        "dataid": "terça-feira, 28 de fevereiro de 2023 às 22:08",
        "nomeid": "Teste",
        "qtdid": "1",
        "precoid": "0.01",
        "entrid": "Teste:Teste"
    },
    "517504302003283": {
        "id": "517504302003283",
        "status": "Pendente (1)",
        "userid": "1060626511520075838",
        "dataid": "sábado, 4 de março de 2023 às 01:21",
        "nomeid": "Metodo Hbo Max",
        "qtdid": "1",
        "precoid": "5",
        "entrid": "Andamento"
    },
    "974496741308723": {
        "id": "974496741308723",
        "status": "Pendente (1)",
        "userid": "1060626511520075838",
        "dataid": "sábado, 4 de março de 2023 às 01:23",
        "nomeid": "Metodo Hbo Max",
        "qtdid": "1",
        "precoid": "5",
        "entrid": "Andamento"
    },
    "10123751237797": {
        "id": "10123751237797",
        "status": "Pendente (1)",
        "userid": "1060626511520075838",
        "dataid": "sábado, 4 de março de 2023 às 02:02",
        "nomeid": "Metodo Hbo Max",
        "qtdid": "1",
        "precoid": "5",
        "entrid": "Andamento"
    },
    "422236627978400": {
        "id": "422236627978400",
        "status": "Pendente (1)",
        "userid": "1067430744743477298",
        "dataid": "sábado, 4 de março de 2023 às 02:04",
        "nomeid": "Metodo Hbo Max",
        "qtdid": "1",
        "precoid": "5",
        "entrid": "Andamento"
    }
}